album_id,title,number,length,length_seconds,single_release_date,peak_aus,peak_can,peak_fra,peak_ger,peak_uk,peak_us,riaa_platinum
a23ea318ac32add45ea0a7ff256b95dd,1+1,1,4:33,273,,,,,,,,
a23ea318ac32add45ea0a7ff256b95dd,I Care,2,3:59,239,2012-03-23,,,,,,,
a23ea318ac32add45ea0a7ff256b95dd,I Miss You,3,2:59,179,,,,,,,,
a23ea318ac32add45ea0a7ff256b95dd,Best Thing I Never Had,4,4:13,253,2011-06-01,17,27,,29,3,16,1
a23ea318ac32add45ea0a7ff256b95dd,Party (featuring André 3000),5,4:05,245,2011-08-30,,,,,,50,
a23ea318ac32add45ea0a7ff256b95dd,Rather Die Young,6,3:42,222,,,,,,,,
a23ea318ac32add45ea0a7ff256b95dd,Start Over,7,3:19,199,,,,,,,,
a23ea318ac32add45ea0a7ff256b95dd,Love on Top,8,4:27,267,2011-09-12,20,65,,13,20,,
a23ea318ac32add45ea0a7ff256b95dd,Countdown,9,3:32,212,2011-10-04,,62,,,35,71,
a23ea318ac32add45ea0a7ff256b95dd,End of Time,10,3:43,223,2012-04-23,,,,,39,,
a23ea318ac32add45ea0a7ff256b95dd,I Was Here,11,3:59,239,,,,,,,,
a23ea318ac32add45ea0a7ff256b95dd,Run the World (Girls),12,3:56,236,2011-04-21,10,16,,,11,29,
a3334bff7a63ade385c0390c7d8522d4,Déjà Vu (featuring Jay-Z),1,4:00,240,2006-06-24,12,14,,9,1,4,
a3334bff7a63ade385c0390c7d8522d4,Get Me Bodied,2,3:25,205,2007-07-10,,,,,,,
a3334bff7a63ade385c0390c7d8522d4,Suga Mama,3,3:26,206,,,,,,,,
a3334bff7a63ade385c0390c7d8522d4,Upgrade U (featuring Jay-Z),4,4:33,273,,,,,,,,
a3334bff7a63ade385c0390c7d8522d4,Ring the Alarm,5,3:23,203,2006-09-10,,,,,,11,
a3334bff7a63ade385c0390c7d8522d4,Kitty Kat,6,3:56,236,,,,,,,,
a3334bff7a63ade385c0390c7d8522d4,Freakum Dress,7,3:21,201,,,,,,,,
a3334bff7a63ade385c0390c7d8522d4,Green Light,8,3:30,210,2007-07-30,,,,,,,
a3334bff7a63ade385c0390c7d8522d4,Irreplaceable,9,3:49,229,2006-10-23,1,2,,11,4,1,3
a3334bff7a63ade385c0390c7d8522d4,Resentment,10,4:42,282,,,,,,,,
7d9f415ece157f429d0d7fb6517388ed,Pretty Hurts,1,4:17,257,2014-06-10,47,78,,83,63,,
7d9f415ece157f429d0d7fb6517388ed,Haunted,2,6:09,369,,,,,,,,
7d9f415ece157f429d0d7fb6517388ed,Drunk in Love (featuring Jay Z),3,5:23,323,2013-12-17,22,23,,70,9,2,3
7d9f415ece157f429d0d7fb6517388ed,Blow,4,5:09,309,,,,,,,,
7d9f415ece157f429d0d7fb6517388ed,No Angel,5,3:48,228,,,,,,,,
7d9f415ece157f429d0d7fb6517388ed,Partition,6,5:19,319,2014-02-25,,100,,,74,23,1
7d9f415ece157f429d0d7fb6517388ed,Jealous,7,3:04,184,,,,,,,,
7d9f415ece157f429d0d7fb6517388ed,Rocket,8,6:31,391,,,,,,,,
7d9f415ece157f429d0d7fb6517388ed,Mine (featuring Drake),9,6:18,378,,,,,,,,
7d9f415ece157f429d0d7fb6517388ed,XO,10,3:35,215,2013-12-16,16,36,,68,22,45,1
7d9f415ece157f429d0d7fb6517388ed,Flawless (featuring Chimamanda Ngozi Adichie),11,4:10,250,2014-08-12,,,,,65,41,
7d9f415ece157f429d0d7fb6517388ed,Superpower (featuring Frank Ocean),12,4:36,276,,,,,,,,
7d9f415ece157f429d0d7fb6517388ed,Heaven,13,3:50,230,,,,,,,,
7d9f415ece157f429d0d7fb6517388ed,Blue (featuring Blue Ivy),14,4:26,266,,,,,,,,
e717c4b8e02dc99c1c15434327ba9dda,Crazy in Love (featuring Jay-Z),1,3:56,236,2003-05-18,2,2,,6,1,1,
e717c4b8e02dc99c1c15434327ba9dda,Naughty Girl,2,3:28,208,2004-03-14,9,2,,16,10,3,
e717c4b8e02dc99c1c15434327ba9dda,Baby Boy (featuring Sean Paul),3,4:04,244,2003-08-03,3,2,,4,2,4,
e717c4b8e02dc99c1c15434327ba9dda,Hip Hop Star (featuring Big Boi and Sleepy Brown),4,3:42,222,,,,,,,,
e717c4b8e02dc99c1c15434327ba9dda,Be with You,5,4:20,260,,,,,,,,
e717c4b8e02dc99c1c15434327ba9dda,"Me, Myself and I",6,5:01,301,2003-10-19,11,7,,35,11,3,
e717c4b8e02dc99c1c15434327ba9dda,Yes,7,4:19,259,,,,,,,,
e717c4b8e02dc99c1c15434327ba9dda,Signs (featuring Missy Elliott),8,4:58,298,,,,,,,,
e717c4b8e02dc99c1c15434327ba9dda,Speechless,9,6:00,360,,,,,,,,
e717c4b8e02dc99c1c15434327ba9dda,That's How You Like It (featuring Jay-Z),10,3:39,219,,,,,,,,
e717c4b8e02dc99c1c15434327ba9dda,The Closer I Get to You (duet with Luther Vandross),11,4:57,297,,,,,,,,
e717c4b8e02dc99c1c15434327ba9dda,Dangerously in Love 2,12,4:53,293,,,,,,,,
e717c4b8e02dc99c1c15434327ba9dda,Beyoncé Interlude,13,0:16,16,,,,,,,,
e717c4b8e02dc99c1c15434327ba9dda,Gift from Virgo,14,2:43,163,,,,,,,,
e717c4b8e02dc99c1c15434327ba9dda,Daddy,15,4:58,298,,,,,,,,
a68e074c4e9e27c54dcbc0fea06c3a90,If I Were a Boy,1,4:10,250,2008-10-12,3,4,,3,1,3,2
a68e074c4e9e27c54dcbc0fea06c3a90,Halo,2,4:22,262,2009-01-20,3,3,,5,4,5,2
a68e074c4e9e27c54dcbc0fea06c3a90,Disappear,3,4:29,269,,,,,,,,
a68e074c4e9e27c54dcbc0fea06c3a90,Broken-Hearted Girl,4,4:39,279,,,,,,,,
a68e074c4e9e27c54dcbc0fea06c3a90,Ave Maria,5,3:42,222,,,,,,,,
a68e074c4e9e27c54dcbc0fea06c3a90,Satellites,6,3:07,187,,,,,,,,
a68e074c4e9e27c54dcbc0fea06c3a90,Single Ladies (Put a Ring on It),7,3:13,193,2008-10-13,5,2,,3,7,1,4
a68e074c4e9e27c54dcbc0fea06c3a90,Radio,8,3:39,219,,,,,,,,
a68e074c4e9e27c54dcbc0fea06c3a90,Diva,9,3:21,201,2009-01-20,40,,,,72,19,
a68e074c4e9e27c54dcbc0fea06c3a90,Sweet Dreams,10,3:28,208,2009-06-02,2,17,,8,5,10,1
a68e074c4e9e27c54dcbc0fea06c3a90,Video Phone,11,3:35,215,2009-11-17,31,,,,58,65,
7db050f86eab9dece72ad3809dfea897,Curtains Up,1,0:46,46,,,,,,,,
7db050f86eab9dece72ad3809dfea897,Evil Deeds,2,4:19,259,,,,,,,,
7db050f86eab9dece72ad3809dfea897,Never Enough (featuring 50 Cent & Nate Dogg),3,2:39,159,,,,,,,,
7db050f86eab9dece72ad3809dfea897,Yellow Brick Road,4,5:46,346,,,,,,,,
7db050f86eab9dece72ad3809dfea897,Like Toy Soldiers,5,4:56,296,2005-01-24,4,,,8,1,34,
7db050f86eab9dece72ad3809dfea897,Mosh,6,5:17,317,2004-10-26,,,,,,,
7db050f86eab9dece72ad3809dfea897,Puke,7,4:07,247,,,,,,,,
7db050f86eab9dece72ad3809dfea897,My 1st Single,8,5:02,302,,,,,,,,
7db050f86eab9dece72ad3809dfea897,Paul (skit),9,0:32,32,,,,,,,,
7db050f86eab9dece72ad3809dfea897,Rain Man,10,5:13,313,,,,,,,,
7db050f86eab9dece72ad3809dfea897,Big Weenie,11,4:26,266,,,,,,,,
7db050f86eab9dece72ad3809dfea897,Em Calls Paul (skit),12,1:11,71,,,,,,,,
7db050f86eab9dece72ad3809dfea897,Just Lose It,13,4:08,248,2004-09-28,1,,,2,1,6,
7db050f86eab9dece72ad3809dfea897,Ass Like That,14,4:25,265,2005-06-07,10,,,31,4,60,
7db050f86eab9dece72ad3809dfea897,"Spend Some Time (featuring Obie Trice, Stat Quo & 50 Cent)",15,5:10,310,,,,,,,,
7db050f86eab9dece72ad3809dfea897,Mockingbird,16,4:10,250,2005-04-25,9,,,15,4,11,
7db050f86eab9dece72ad3809dfea897,Crazy in Love,17,4:02,242,,,,,,,,
7db050f86eab9dece72ad3809dfea897,One Shot 2 Shot (featuring D12),18,4:26,266,,,,,,,,
7db050f86eab9dece72ad3809dfea897,Final Thought (skit),19,0:30,30,,,,,,,,
7db050f86eab9dece72ad3809dfea897,Encore / Curtains Down (featuring Dr. Dre & 50 Cent),20,5:48,348,2004-11-09,,,,,116,25,
d3693616fb816e3aacd46b99d347e3a7,Infinite,1,4:04,244,,,,,,,,
d3693616fb816e3aacd46b99d347e3a7,W.E.G.O. (Interlude) (featuring Proof & DJ Head),2,0:26,26,,,,,,,,
d3693616fb816e3aacd46b99d347e3a7,It's O.K. (featuring Eye-Kyu),3,3:33,213,,,,,,,,
d3693616fb816e3aacd46b99d347e3a7,Tonite,4,4:14,254,,,,,,,,
d3693616fb816e3aacd46b99d347e3a7,313 (featuring Eye-Kyu),5,3:46,226,,,,,,,,
d3693616fb816e3aacd46b99d347e3a7,Maxine (featuring Mr. Porter & Three),6,3:58,238,,,,,,,,
d3693616fb816e3aacd46b99d347e3a7,Open Mic (featuring Thyme),7,4:06,246,,,,,,,,
d3693616fb816e3aacd46b99d347e3a7,Never 2 Far,8,3:41,221,,,,,,,,
d3693616fb816e3aacd46b99d347e3a7,Searchin' (featuring Mr. Porter),9,3:48,228,,,,,,,,
d3693616fb816e3aacd46b99d347e3a7,Backstabber,10,3:26,206,,,,,,,,
d3693616fb816e3aacd46b99d347e3a7,Jealousy Woes II,11,3:02,182,,,,,,,,
9910bf5723b7aac9c9830954edcc8af0,Cold Wind Blows,1,5:03,303,,,,,,,,
9910bf5723b7aac9c9830954edcc8af0,Talkin' 2 Myself (featuring Kobe),2,5:00,300,,,,,,,,
9910bf5723b7aac9c9830954edcc8af0,On Fire,3,3:33,213,,,,,,,,
9910bf5723b7aac9c9830954edcc8af0,Won't Back Down (featuring P!nk),4,4:25,265,,,,,,,,
9910bf5723b7aac9c9830954edcc8af0,W.T.P.,5,3:58,238,,,,,,,,
9910bf5723b7aac9c9830954edcc8af0,Going Through Changes,6,4:58,298,,,,,,,,
9910bf5723b7aac9c9830954edcc8af0,Not Afraid,7,4:10,250,2010-04-29,4,1,,9,5,1,10
9910bf5723b7aac9c9830954edcc8af0,Seduction,8,4:35,275,,,,,,,,
9910bf5723b7aac9c9830954edcc8af0,No Love (featuring Lil Wayne),9,4:59,299,2010-10-05,21,24,,17,33,23,1
9910bf5723b7aac9c9830954edcc8af0,Space Bound,10,4:38,278,2011-06-18,51,,,,34,119,
9910bf5723b7aac9c9830954edcc8af0,Cinderella Man,11,4:39,279,,,,,,,,
9910bf5723b7aac9c9830954edcc8af0,25 to Life,12,4:01,241,,,,,,,,
9910bf5723b7aac9c9830954edcc8af0,So Bad,13,5:25,325,,,,,,,,
9910bf5723b7aac9c9830954edcc8af0,Almost Famous,14,4:52,292,,,,,,,,
9910bf5723b7aac9c9830954edcc8af0,Love the Way You Lie (featuring Rihanna),15,4:15,255,2010-08-09,1,1,,1,2,1,11
9910bf5723b7aac9c9830954edcc8af0,You're Never Over,16,5:05,305,,,,,,,,
9910bf5723b7aac9c9830954edcc8af0,Untitled (hidden track),17,3:14,194,,,,,,,,
5204a8a89eb786c0ac2b12571db28ab0,Dr. West (skit),1,1:29,89,,,,,,,,
5204a8a89eb786c0ac2b12571db28ab0,3 a.m.,2,5:19,319,2009-04-23,38,24,,,56,32,
5204a8a89eb786c0ac2b12571db28ab0,My Mom,3,5:19,319,,,,,,,,
5204a8a89eb786c0ac2b12571db28ab0,Insane,4,3:01,181,,,,,,,,
5204a8a89eb786c0ac2b12571db28ab0,Bagpipes from Baghdad,5,4:43,283,,,,,,,,
5204a8a89eb786c0ac2b12571db28ab0,Hello,6,4:08,248,,,,,,,,
5204a8a89eb786c0ac2b12571db28ab0,Tonya (skit),7,0:42,42,,,,,,,,
5204a8a89eb786c0ac2b12571db28ab0,Same Song & Dance,8,4:06,246,,,,,,,,
5204a8a89eb786c0ac2b12571db28ab0,We Made You,9,4:29,269,2009-04-07,1,6,,9,4,9,3
5204a8a89eb786c0ac2b12571db28ab0,Medicine Ball,10,3:57,237,,,,,,,,
5204a8a89eb786c0ac2b12571db28ab0,Paul (skit),11,0:19,19,,,,,,,,
5204a8a89eb786c0ac2b12571db28ab0,Stay Wide Awake,12,5:19,319,,,,,,,,
5204a8a89eb786c0ac2b12571db28ab0,Old Time's Sake (featuring Dr. Dre),13,4:38,278,2009-06-02,76,14,,,61,25,
5204a8a89eb786c0ac2b12571db28ab0,Must Be the Ganja,14,4:02,242,,,,,,,,
5204a8a89eb786c0ac2b12571db28ab0,Mr. Mathers (skit),15,0:42,42,,,,,,,,
5204a8a89eb786c0ac2b12571db28ab0,Déjà Vu,16,4:43,283,,,,,,,,
5204a8a89eb786c0ac2b12571db28ab0,Beautiful,17,6:32,392,2009-08-11,33,8,,39,12,17,
5204a8a89eb786c0ac2b12571db28ab0,Crack a Bottle (featuring Dr. Dre & 50 Cent),18,4:57,297,2009-02-02,18,1,,,4,1,2
5204a8a89eb786c0ac2b12571db28ab0,Steve Berman (skit),19,1:29,89,,,,,,,,
5204a8a89eb786c0ac2b12571db28ab0,Underground,20,6:11,371,,,,,,,,
e7526a251cf603e3dce7a7397c81f202,Curtains Up (skit),1,0:30,30,,,,,,,,
e7526a251cf603e3dce7a7397c81f202,White America,2,5:24,324,,,,,,,,
e7526a251cf603e3dce7a7397c81f202,Business,3,4:11,251,2003-07-22,4,,,15,6,,
e7526a251cf603e3dce7a7397c81f202,Cleanin' Out My Closet,4,4:57,297,2002-09-17,3,,,4,4,4,
e7526a251cf603e3dce7a7397c81f202,Square Dance,5,5:24,324,,,,,,,,
e7526a251cf603e3dce7a7397c81f202,The Kiss (skit),6,1:16,76,,,,,,,,
e7526a251cf603e3dce7a7397c81f202,Soldier,7,3:46,226,,,,,,,,
e7526a251cf603e3dce7a7397c81f202,Say Goodbye Hollywood,8,4:33,273,,,,,,,,
e7526a251cf603e3dce7a7397c81f202,Drips (featuring Obie Trice),9,4:45,285,,,,,,,,
e7526a251cf603e3dce7a7397c81f202,Without Me,10,4:50,290,2002-05-14,1,4,,1,1,2,3
e7526a251cf603e3dce7a7397c81f202,Paul Rosenberg (skit),11,0:23,23,,,,,,,,
e7526a251cf603e3dce7a7397c81f202,Sing for the Moment,12,5:40,340,2003-02-25,5,2,,5,6,14,1
e7526a251cf603e3dce7a7397c81f202,Superman (featuring Dina Rae),13,5:50,350,2003-01-27,,,,,,15,
e7526a251cf603e3dce7a7397c81f202,Hailie's Song,14,5:21,321,,,,,,,,
e7526a251cf603e3dce7a7397c81f202,Steve Berman (skit),15,0:33,33,,,,,,,,
e7526a251cf603e3dce7a7397c81f202,When the Music Stops (featuring D12),16,4:29,269,,,,,,,,
e7526a251cf603e3dce7a7397c81f202,Say What You Say (featuring Dr. Dre),17,5:09,309,,,,,,,,
e7526a251cf603e3dce7a7397c81f202,Till I Collapse (featuring Nate Dogg),18,4:57,297,,,,,,,,
e7526a251cf603e3dce7a7397c81f202,My Dad's Gone Crazy (featuring Hailie Jade),19,4:28,268,,,,,,,,
e7526a251cf603e3dce7a7397c81f202,Curtains Close (skit),20,1:01,61,,,,,,,,
13bc5c967b5c1dbc56fa0d4bb98cf12c,Public Service Announcement 2000,1,0:25,25,,,,,,,,
13bc5c967b5c1dbc56fa0d4bb98cf12c,Kill You,2,4:24,264,,,,,,,,
13bc5c967b5c1dbc56fa0d4bb98cf12c,Stan (featuring Dido),3,6:44,404,2000-12-09,1,,,1,1,51,2
13bc5c967b5c1dbc56fa0d4bb98cf12c,Paul (skit),4,0:10,10,,,,,,,,
13bc5c967b5c1dbc56fa0d4bb98cf12c,Who Knew,5,3:47,227,,,,,,,,
13bc5c967b5c1dbc56fa0d4bb98cf12c,Steve Berman (skit),6,0:53,53,,,,,,,,
13bc5c967b5c1dbc56fa0d4bb98cf12c,The Way I Am,7,4:50,290,2000-09-07,34,,,19,8,58,
13bc5c967b5c1dbc56fa0d4bb98cf12c,The Real Slim Shady,8,4:44,284,2000-05-16,11,6,,7,1,4,4
13bc5c967b5c1dbc56fa0d4bb98cf12c,Remember Me? (featuring RBX and Sticky Fingaz),9,3:38,218,,,,,,,,
13bc5c967b5c1dbc56fa0d4bb98cf12c,I'm Back,10,5:10,310,2001-04-03,,,,,,,
13bc5c967b5c1dbc56fa0d4bb98cf12c,Marshall Mathers,11,5:20,320,,,,,,,,
13bc5c967b5c1dbc56fa0d4bb98cf12c,Ken Kaniff (skit),12,1:01,61,,,,,,,,
13bc5c967b5c1dbc56fa0d4bb98cf12c,Drug Ballad (featuring Dina Rae),13,5:00,300,,,,,,,,
13bc5c967b5c1dbc56fa0d4bb98cf12c,Amityville (featuring Bizarre),14,4:14,254,,,,,,,,
13bc5c967b5c1dbc56fa0d4bb98cf12c,"Bitch Please II (featuring Dr. Dre, Snoop Dogg, Xzibit andNate Dogg)",15,4:48,288,,,,,,,,
13bc5c967b5c1dbc56fa0d4bb98cf12c,Kim,16,6:17,377,,,,,,,,
13bc5c967b5c1dbc56fa0d4bb98cf12c,Under the Influence (featuring D12),17,5:21,321,,,,,,,,
13bc5c967b5c1dbc56fa0d4bb98cf12c,Criminal,18,5:15,315,,,,,,,,
13bc5c967b5c1dbc56fa0d4bb98cf12c,The Kids (bonus track),19,5:06,306,,,,,,,,
a6d4dd6bb77ce7a60da74b7fc29a5fe8,Rap God,9,6:03,363,2013-10-15,15,5,,33,5,7,3
a6d4dd6bb77ce7a60da74b7fc29a5fe8,Brainless,10,4:46,286,,,,,,,,
a6d4dd6bb77ce7a60da74b7fc29a5fe8,Stronger Than I Was,11,5:36,336,,,,,,,,
a6d4dd6bb77ce7a60da74b7fc29a5fe8,The Monster (featuring Rihanna),12,4:10,250,2013-10-29,1,1,,3,1,1,3
a6d4dd6bb77ce7a60da74b7fc29a5fe8,So Far...,13,5:17,317,,,,,,,,
a6d4dd6bb77ce7a60da74b7fc29a5fe8,Love Game (featuring Kendrick Lamar),14,4:56,296,,,,,,,,
a6d4dd6bb77ce7a60da74b7fc29a5fe8,Headlights (featuring Nate Ruess),15,5:43,343,2014-02-05,21,54,,,63,45,
a6d4dd6bb77ce7a60da74b7fc29a5fe8,Evil Twin,16,5:56,356,,,,,,,,
a6d4dd6bb77ce7a60da74b7fc29a5fe8,Bad Guy,1,7:14,434,,,,,,,,
a6d4dd6bb77ce7a60da74b7fc29a5fe8,Parking Lot (skit),2,0:55,55,,,,,,,,
a6d4dd6bb77ce7a60da74b7fc29a5fe8,Rhyme or Reason,3,5:01,301,,,,,,,,
a6d4dd6bb77ce7a60da74b7fc29a5fe8,So Much Better,4,4:21,261,,,,,,,,
a6d4dd6bb77ce7a60da74b7fc29a5fe8,Survival,5,4:32,272,2013-10-08,18,6,,20,22,16,
a6d4dd6bb77ce7a60da74b7fc29a5fe8,Legacy,6,4:56,296,,,,,,,,
a6d4dd6bb77ce7a60da74b7fc29a5fe8,Asshole (featuring Skylar Grey),7,4:48,288,,,,,,,,
a6d4dd6bb77ce7a60da74b7fc29a5fe8,Berzerk,8,3:58,238,2013-08-27,5,2,,10,2,3,1
0d8fcaa242bee8fde45986f7b9168d0e,Public Service Announcement (skit),1,0:33,33,,,,,,,,
0d8fcaa242bee8fde45986f7b9168d0e,My Name Is,2,4:28,268,1999-01-25,13,38,,37,2,36,3
0d8fcaa242bee8fde45986f7b9168d0e,Guilty Conscience (featuring Dr. Dre),3,3:19,199,1999-06-08,,,,40,5,,2
0d8fcaa242bee8fde45986f7b9168d0e,Brain Damage,4,3:46,226,,,,,,,,
0d8fcaa242bee8fde45986f7b9168d0e,Paul (skit),5,0:15,15,,,,,,,,
0d8fcaa242bee8fde45986f7b9168d0e,If I Had,6,4:05,245,,,,,,,,
0d8fcaa242bee8fde45986f7b9168d0e,97 Bonnie & Clyde,7,5:16,316,,,,,,,,
0d8fcaa242bee8fde45986f7b9168d0e,Bitch (skit),8,0:19,19,,,,,,,,
0d8fcaa242bee8fde45986f7b9168d0e,Role Model,9,3:25,205,1999-05-26,,,,,,,
0d8fcaa242bee8fde45986f7b9168d0e,Lounge (skit),10,0:46,46,,,,,,,,
0d8fcaa242bee8fde45986f7b9168d0e,My Fault,11,4:01,241,,,,,,,,
0d8fcaa242bee8fde45986f7b9168d0e,Ken Kaniff (skit),12,1:16,76,,,,,,,,
0d8fcaa242bee8fde45986f7b9168d0e,Cum on Everybody (featuring Dina Rae),13,3:39,219,,,,,,,,
0d8fcaa242bee8fde45986f7b9168d0e,Rock Bottom,14,3:34,214,,,,,,,,
0d8fcaa242bee8fde45986f7b9168d0e,Just Don't Give a Fuck,15,4:02,242,1998-10-13,,,,,,,
0d8fcaa242bee8fde45986f7b9168d0e,Soap (skit),16,0:34,34,,,,,,,,
0d8fcaa242bee8fde45986f7b9168d0e,As the World Turns,17,4:25,265,,,,,,,,
0d8fcaa242bee8fde45986f7b9168d0e,I'm Shady,18,3:31,211,,,,,,,,
0d8fcaa242bee8fde45986f7b9168d0e,Bad Meets Evil (featuring Royce da 5'9),19,4:13,253,,,,,,,,
0d8fcaa242bee8fde45986f7b9168d0e,Still Don't Give a Fuck,20,4:12,252,,,,,,,,
badb542952a95471ae9bcc7047812a4a,All Around the World (featuring Ludacris),1,4:04,244,2013-02-26,34,10,63,53,30,22,1
badb542952a95471ae9bcc7047812a4a,Boyfriend,2,2:51,171,2012-03-26,5,1,17,16,2,2,3
badb542952a95471ae9bcc7047812a4a,As Long as You Love Me (featuring Big Sean),3,3:49,229,2012-07-10,8,9,48,38,22,6,2
badb542952a95471ae9bcc7047812a4a,Catching Feelings,4,3:54,234,,,,,,,,
badb542952a95471ae9bcc7047812a4a,Take You,5,3:40,220,,,,,,,,
badb542952a95471ae9bcc7047812a4a,Right Here (featuring Drake),6,3:24,204,2013-02-05,,,,,125,95,
badb542952a95471ae9bcc7047812a4a,Fall,7,4:08,248,,,,,,,,
badb542952a95471ae9bcc7047812a4a,Die in Your Arms,8,3:57,237,,,,,,,,
badb542952a95471ae9bcc7047812a4a,Thought of You,9,3:50,230,,,,,,,,
badb542952a95471ae9bcc7047812a4a,Beauty and a Beat (featuring Nicki Minaj),10,3:48,228,2012-10-24,9,4,28,53,16,5,2
badb542952a95471ae9bcc7047812a4a,One Love,11,3:54,234,,,,,,,,
badb542952a95471ae9bcc7047812a4a,Be Alright,12,3:09,189,,,,,,,,
badb542952a95471ae9bcc7047812a4a,Believe,13,3:42,222,,,,,,,,
9c2af0f5521278889d050869c1eeb167,Baby (featuring Ludacris),1,3:34,214,2010-01-18,3,3,1,22,3,5,12
9c2af0f5521278889d050869c1eeb167,Somebody to Love,2,3:40,220,2010-04-20,20,10,17,16,33,15,1
9c2af0f5521278889d050869c1eeb167,Stuck in the Moment,3,3:42,222,,,,,,,,
9c2af0f5521278889d050869c1eeb167,U Smile,4,3:16,196,2010-08-09,65,17,,,98,27,
9c2af0f5521278889d050869c1eeb167,Runaway Love,5,3:32,212,,,,,,,,
9c2af0f5521278889d050869c1eeb167,Never Let You Go,6,4:24,264,2010-03-02,67,14,,,84,21,
9c2af0f5521278889d050869c1eeb167,Overboard (featuring Jessica Jarrell),7,4:11,251,,,,,,,,
9c2af0f5521278889d050869c1eeb167,Eenie Meenie (with Sean Kingston),8,3:22,202,2010-03-23,11,14,,60,9,15,1
9c2af0f5521278889d050869c1eeb167,Up,9,3:54,234,,,,,,,,
9c2af0f5521278889d050869c1eeb167,That Should Be Me,10,3:52,232,,,,,,,,
ee6932d190224335249abae44482026e,Only Thing I Ever Get for Christmas,1,3:12,192,,,,,,,,
ee6932d190224335249abae44482026e,Mistletoe,2,3:02,182,2011-10-17,20,9,76,53,21,11,5
ee6932d190224335249abae44482026e,The Christmas Song (Chestnuts Roasting on an Open Fire) (featuring Usher),3,3:35,215,,,,,,,,
ee6932d190224335249abae44482026e,Santa Claus Is Coming to Town,4,3:36,216,,,,,,,,
ee6932d190224335249abae44482026e,Fa La La (featuring Boyz II Men),5,3:05,185,,,,,,,,
ee6932d190224335249abae44482026e,All I Want for Christmas Is You (SuperFestive!)(duet with Mariah Carey),6,4:00,240,,,,,,,,
ee6932d190224335249abae44482026e,Drummer Boy (featuring Busta Rhymes),7,3:45,225,,,,,,,,
ee6932d190224335249abae44482026e,Christmas Eve,8,3:43,223,,,,,,,,
ee6932d190224335249abae44482026e,All I Want Is You,9,3:36,216,,,,,,,,
ee6932d190224335249abae44482026e,Home This Christmas (featuring The Band Perry),10,3:24,204,,,,,,,,
ee6932d190224335249abae44482026e,Silent Night,11,2:49,169,,,,,,,,
5392160a8a906122fc7b9832f059942a,Say You Will,1,6:14,374,,,,,,,,
5392160a8a906122fc7b9832f059942a,Welcome to Heartbreak (featuring Kid Cudi),2,4:23,263,,,,,,,,
5392160a8a906122fc7b9832f059942a,Heartless,3,3:31,211,2008-11-04,40,8,,37,10,2,5
5392160a8a906122fc7b9832f059942a,Amazing (featuring Young Jeezy),4,3:58,238,2009-03-10,,,,,,81,1
5392160a8a906122fc7b9832f059942a,Love Lockdown,5,4:30,270,2008-09-18,18,5,,8,8,3,3
5392160a8a906122fc7b9832f059942a,Paranoid (featuring Mr Hudson),6,4:37,277,2009-03-24,90,,,,,,
5392160a8a906122fc7b9832f059942a,RoboCop,7,4:34,274,,,,,,,,
5392160a8a906122fc7b9832f059942a,Street Lights,8,3:09,189,,,,,,,,
5392160a8a906122fc7b9832f059942a,Bad News,9,3:58,238,,,,,,,,
5392160a8a906122fc7b9832f059942a,See You in My Nightmares (featuring Lil Wayne),10,4:18,258,,,,,,,,
5392160a8a906122fc7b9832f059942a,Coldest Winter,11,2:45,165,,,,,,,,
5392160a8a906122fc7b9832f059942a,"Pinocchio Story (freestyle live from Singapore, hidden track)",12,6:03,363,,,,,,,,
1da4f35251cd9cf7c19aa75bfbc26dce,Good Morning,1,3:15,195,,,,,,,,
1da4f35251cd9cf7c19aa75bfbc26dce,Champion,2,2:47,167,,,,,,,,
1da4f35251cd9cf7c19aa75bfbc26dce,Stronger,3,5:11,311,2007-07-31,2,1,,17,1,1,7
1da4f35251cd9cf7c19aa75bfbc26dce,I Wonder,4,4:03,243,,,,,,,,
1da4f35251cd9cf7c19aa75bfbc26dce,Good Life (featuring T-Pain),5,3:27,207,2007-10-02,21,23,,78,23,7,2
1da4f35251cd9cf7c19aa75bfbc26dce,Can't Tell Me Nothing,6,4:30,270,2007-05-15,,,,,107,41,1
1da4f35251cd9cf7c19aa75bfbc26dce,Barry Bonds (featuring Lil Wayne),7,3:24,204,,,,,,,,
1da4f35251cd9cf7c19aa75bfbc26dce,Drunk and Hot Girls (featuring Mos Def),8,5:13,313,,,,,,,,
1da4f35251cd9cf7c19aa75bfbc26dce,Flashing Lights (featuring Dwele),9,3:57,237,2007-11-12,82,54,,,29,29,1
1da4f35251cd9cf7c19aa75bfbc26dce,Everything I Am (featuring DJ Premier),10,3:47,227,,,,,,,,
1da4f35251cd9cf7c19aa75bfbc26dce,The Glory,11,3:32,212,,,,,,,,
1da4f35251cd9cf7c19aa75bfbc26dce,Homecoming,12,3:23,203,2008-02-18,32,79,,17,9,69,1
1da4f35251cd9cf7c19aa75bfbc26dce,Big Brother,13,4:47,287,,,,,,,,
f034cff17e3238c0defef171b2224653,Wake Up Mr. West,1,0:41,41,,,,,,,,
f034cff17e3238c0defef171b2224653,Heard 'Em Say (featuring Adam Levine),2,3:23,203,2005-11-08,27,,,95,22,26,
f034cff17e3238c0defef171b2224653,Touch the Sky (featuring Lupe Fiasco),3,3:57,237,2006-03-07,10,,,97,6,42,
f034cff17e3238c0defef171b2224653,Gold Digger (featuring Jamie Foxx),4,3:28,208,2005-08-02,1,5,,35,2,1,5
f034cff17e3238c0defef171b2224653,Skit #1,5,0:33,33,,,,,,,,
f034cff17e3238c0defef171b2224653,Drive Slow (featuring Paul Wall & GLC),6,4:32,272,2006-06-06,,,,,,,
f034cff17e3238c0defef171b2224653,My Way Home (featuring Common),7,1:43,103,,,,,,,,
f034cff17e3238c0defef171b2224653,Crack Music (featuring The Game),8,4:31,271,,,,,,,,
f034cff17e3238c0defef171b2224653,Roses,9,4:05,245,,,,,,,,
f034cff17e3238c0defef171b2224653,Bring Me Down (featuring Brandy),10,3:18,198,,,,,,,,
f034cff17e3238c0defef171b2224653,Addiction,11,4:27,267,,,,,,,,
f034cff17e3238c0defef171b2224653,Skit #2,12,0:31,31,,,,,,,,
f034cff17e3238c0defef171b2224653,Diamonds from Sierra Leone (Remix) (featuring Jay-Z),13,3:53,233,2005-05-31,,,,67,8,43,
f034cff17e3238c0defef171b2224653,We Major (featuring Nas & Really Doe),14,7:28,448,,,,,,,,
f034cff17e3238c0defef171b2224653,Skit #3,15,0:24,24,,,,,,,,
f034cff17e3238c0defef171b2224653,Hey Mama,16,5:05,305,,,,,,,,
f034cff17e3238c0defef171b2224653,Celebration,17,3:18,198,,,,,,,,
f034cff17e3238c0defef171b2224653,Skit #4,18,1:18,78,,,,,,,,
f034cff17e3238c0defef171b2224653,Gone (featuring Cam'ron & Consequence),19,6:02,362,,,,,,,,
f034cff17e3238c0defef171b2224653,Diamonds from Sierra Leone (bonus track),20,3:58,238,,,,,,,,
f034cff17e3238c0defef171b2224653,Late (hidden track),21,3:50,230,,,,,,,,
0e7baeb1312b69cf3843c9a701d89284,Dark Fantasy,1,4:40,280,,,,,,,,
0e7baeb1312b69cf3843c9a701d89284,Gorgeous (featuring Kid Cudi and Raekwon),2,5:57,357,,,,,,,,
0e7baeb1312b69cf3843c9a701d89284,Power,3,4:52,292,2010-07-01,100,49,,,36,22,2
0e7baeb1312b69cf3843c9a701d89284,All of the Lights (Interlude),4,1:02,62,,,,,,,,
0e7baeb1312b69cf3843c9a701d89284,All of the Lights,5,4:59,299,2011-01-18,24,53,,,15,18,4
0e7baeb1312b69cf3843c9a701d89284,"Monster (featuring Jay-Z, Rick Ross, Nicki Minaj and Bon Iver)",6,6:18,378,2010-10-23,46,13,,,56,12,1
0e7baeb1312b69cf3843c9a701d89284,"So Appalled (featuring Swizz Beatz, Jay-Z, Pusha T, Cyhi the Prynce and RZA)",7,6:38,398,,,,,,,,
0e7baeb1312b69cf3843c9a701d89284,Devil in a New Dress (featuring Rick Ross),8,5:52,352,,,,,,,,
0e7baeb1312b69cf3843c9a701d89284,Runaway (featuring Pusha T),9,9:08,548,2010-10-04,,43,,,146,18,1
0e7baeb1312b69cf3843c9a701d89284,Hell of a Life,10,5:27,327,,,,,,,,
0e7baeb1312b69cf3843c9a701d89284,Blame Game (featuring John Legend),11,7:49,469,,,,,,,,
0e7baeb1312b69cf3843c9a701d89284,Lost in the World (featuring Bon Iver),12,4:16,256,,,,,,,,
0e7baeb1312b69cf3843c9a701d89284,Who Will Survive in America,13,1:38,98,,,,,,,,
746c8e80d6c0ad0645e37c84eaea36ae,Intro (skit),1,0:19,19,,,,,,,,
746c8e80d6c0ad0645e37c84eaea36ae,We Don't Care,2,3:59,239,,,,,,,,
746c8e80d6c0ad0645e37c84eaea36ae,Graduation Day (skit),3,1:22,82,,,,,,,,
746c8e80d6c0ad0645e37c84eaea36ae,All Falls Down (featuring Syleena Johnson),4,3:43,223,2004-02-21,,,,72,10,7,1
746c8e80d6c0ad0645e37c84eaea36ae,I'll Fly Away,5,1:09,69,,,,,,,,
746c8e80d6c0ad0645e37c84eaea36ae,Spaceship (featuring GLC and Consequence),6,5:24,324,,,,,,,,
746c8e80d6c0ad0645e37c84eaea36ae,Jesus Walks,7,3:13,193,2004-05-25,37,,,,16,11,2
746c8e80d6c0ad0645e37c84eaea36ae,Never Let Me Down (featuring Jay-Z and J. Ivy),8,5:24,324,,,,,,,,
746c8e80d6c0ad0645e37c84eaea36ae,Get Em High (featuring Talib Kweli and Common),9,4:49,289,,,,,,,,
746c8e80d6c0ad0645e37c84eaea36ae,Workout Plan (skit),10,0:46,46,,,,,,,,
746c8e80d6c0ad0645e37c84eaea36ae,The New Workout Plan,11,5:22,322,2004-08-31,52,,,,,,
746c8e80d6c0ad0645e37c84eaea36ae,Slow Jamz (with Twista and Jamie Foxx),12,5:16,316,2003-12-02,26,,,58,3,1,
746c8e80d6c0ad0645e37c84eaea36ae,Breathe In Breathe Out (featuring Ludacris),13,4:06,246,,,,,,,,
746c8e80d6c0ad0645e37c84eaea36ae,School Spirit (skit 1),14,1:18,78,,,,,,,,
746c8e80d6c0ad0645e37c84eaea36ae,School Spirit,15,3:02,182,,,,,,,,
746c8e80d6c0ad0645e37c84eaea36ae,School Spirit (skit 2),16,0:43,43,,,,,,,,
746c8e80d6c0ad0645e37c84eaea36ae,Lil Jimmy (skit),17,0:53,53,,,,,,,,
746c8e80d6c0ad0645e37c84eaea36ae,"Two Words (featuring Mos Def, Freeway and The Harlem Boys Choir)",18,4:26,266,,,,,,,,
746c8e80d6c0ad0645e37c84eaea36ae,Through the Wire,19,3:41,221,2003-09-30,81,,,61,9,15,
746c8e80d6c0ad0645e37c84eaea36ae,Family Business,20,4:38,278,,,,,,,,
746c8e80d6c0ad0645e37c84eaea36ae,Last Call,21,12:40,760,,,,,,,,
3a354a6c5d0f522fd1a41104cd55f236,No Church in the Wild (featuring Frank Ocean and The-Dream),1,4:32,272,2012-03-20,,92,,,37,72,1
3a354a6c5d0f522fd1a41104cd55f236,Lift Off (featuring Beyoncé),2,4:26,266,2011-08-23,81,,,,48,,
3a354a6c5d0f522fd1a41104cd55f236,Niggas in Paris,3,3:39,219,2011-09-13,66,16,,40,10,5,5
3a354a6c5d0f522fd1a41104cd55f236,Otis (featuring Otis Redding),4,2:58,178,2011-07-20,42,37,,,28,12,2
3a354a6c5d0f522fd1a41104cd55f236,Gotta Have It,5,2:20,140,2011-12-06,,,,,,69,
3a354a6c5d0f522fd1a41104cd55f236,New Day,6,4:32,272,,,,,,,,
3a354a6c5d0f522fd1a41104cd55f236,That's My Bitch (featuring Elly Jackson & Justin Vernon),7,3:22,202,,,,,,,,
3a354a6c5d0f522fd1a41104cd55f236,Welcome to the Jungle (featuring Swizz Beatz),8,2:54,174,,,,,,,,
3a354a6c5d0f522fd1a41104cd55f236,Who Gon Stop Me,9,4:16,256,,,,,,,,
3a354a6c5d0f522fd1a41104cd55f236,Murder to Excellence,10,5:00,300,,,,,,,,
3a354a6c5d0f522fd1a41104cd55f236,Made in America (featuring Frank Ocean),11,4:52,292,,,,,,,,
3a354a6c5d0f522fd1a41104cd55f236,Why I Love You (featuring Mr Hudson),12,3:21,201,2011-09-13,,,,,87,,
8354a418867a98c6b97cbf7e271b20e2,On Sight,1,2:36,156,,,,,,,,
8354a418867a98c6b97cbf7e271b20e2,Black Skinhead,2,3:08,188,2013-06-19,58,66,,,34,69,
8354a418867a98c6b97cbf7e271b20e2,I Am a God (featuring God),3,3:51,231,,,,,,,,
8354a418867a98c6b97cbf7e271b20e2,New Slaves,4,4:16,256,,,,,,,,
8354a418867a98c6b97cbf7e271b20e2,Hold My Liquor,5,5:26,326,,,,,,,,
8354a418867a98c6b97cbf7e271b20e2,I'm In It,6,3:54,234,,,,,,,,
8354a418867a98c6b97cbf7e271b20e2,Blood on the Leaves,7,6:00,360,,,,,,,,
8354a418867a98c6b97cbf7e271b20e2,Guilt Trip,8,4:03,243,,,,,,,,
8354a418867a98c6b97cbf7e271b20e2,Send It Up,9,2:58,178,,,,,,,,
8354a418867a98c6b97cbf7e271b20e2,Bound 2,10,3:49,229,2013-08-28,56,,,,55,12,1
e282d44c164ead658203ca9e7e8261cf,Your Love Is My Drug,1,3:06,186,2010-05-21,3,6,,19,13,4,2
e282d44c164ead658203ca9e7e8261cf,Tik Tok,2,3:19,199,2009-08-07,1,1,,1,4,1,5
e282d44c164ead658203ca9e7e8261cf,Take It Off,3,3:35,215,2010-07-13,5,8,,,15,8,1
e282d44c164ead658203ca9e7e8261cf,Kiss n Tell,4,3:27,207,,,,,,,,
e282d44c164ead658203ca9e7e8261cf,Stephen,5,3:32,212,,,,,,,,
e282d44c164ead658203ca9e7e8261cf,Blah Blah Blah (featuring 3OH!3),6,2:52,172,2010-02-19,3,3,,11,11,7,1
e282d44c164ead658203ca9e7e8261cf,Hungover,7,3:52,232,,,,,,,,
e282d44c164ead658203ca9e7e8261cf,Party at a Rich Dude's House,8,2:55,175,,,,,,,,
e282d44c164ead658203ca9e7e8261cf,Backstabber,9,3:06,186,,,,,,,,
e282d44c164ead658203ca9e7e8261cf,Blind,10,3:17,197,,,,,,,,
e282d44c164ead658203ca9e7e8261cf,Dinosaur,11,2:55,175,,,,,,,,
e282d44c164ead658203ca9e7e8261cf,Dancing with Tears in My Eyes,12,3:29,209,,,,,,,,
e282d44c164ead658203ca9e7e8261cf,Boots & Boys,13,2:56,176,,,,,,,,
e282d44c164ead658203ca9e7e8261cf,Animal,14,3:57,237,,,,,,,,
dc684fb866cc5930b0a7ca6b1eb2539f,Warrior,1,4:00,240,,,,,,,,
dc684fb866cc5930b0a7ca6b1eb2539f,Die Young,2,3:32,212,2012-09-25,3,4,,20,7,2,3
dc684fb866cc5930b0a7ca6b1eb2539f,C'mon,3,3:34,214,2013-01-07,19,16,,79,70,27,
dc684fb866cc5930b0a7ca6b1eb2539f,Thinking of You,4,3:04,184,,,,,,,,
dc684fb866cc5930b0a7ca6b1eb2539f,Crazy Kids,5,3:50,230,2013-04-30,32,47,,56,27,40,
dc684fb866cc5930b0a7ca6b1eb2539f,Wherever You Are,6,3:58,238,,,,,,,,
dc684fb866cc5930b0a7ca6b1eb2539f,Dirty Love (featuring Iggy Pop),7,2:44,164,,,,,,,,
dc684fb866cc5930b0a7ca6b1eb2539f,Wonderland,8,3:42,222,,,,,,,,
dc684fb866cc5930b0a7ca6b1eb2539f,Only Wanna Dance with You,9,3:31,211,,,,,,,,
dc684fb866cc5930b0a7ca6b1eb2539f,Supernatural,10,4:10,250,,,,,,,,
dc684fb866cc5930b0a7ca6b1eb2539f,All That Matters (The Beautiful Life),11,3:37,217,,,,,,,,
dc684fb866cc5930b0a7ca6b1eb2539f,Love into the Light,12,4:46,286,,,,,,,,
9783da43d4486f277736fb0262acce8f,Welcome to New York,1,3:32,212,,,,,,,,
9783da43d4486f277736fb0262acce8f,Blank Space,2,3:51,231,2014-11-10,1,1,,,4,1,7
9783da43d4486f277736fb0262acce8f,Style,3,3:51,231,2015-02-09,8,6,,,21,6,2
9783da43d4486f277736fb0262acce8f,Out of the Woods,4,3:55,235,,,,,,,,
9783da43d4486f277736fb0262acce8f,All You Had to Do Was Stay,5,3:13,193,,,,,,,,
9783da43d4486f277736fb0262acce8f,Shake It Off,6,3:39,219,2014-08-18,1,1,,,2,1,8
9783da43d4486f277736fb0262acce8f,I Wish You Would,7,3:27,207,,,,,,,,
9783da43d4486f277736fb0262acce8f,Bad Blood,8,3:31,211,2015-05-17,1,1,,,4,1,4
9783da43d4486f277736fb0262acce8f,Wildest Dreams,9,3:40,220,2015-08-25,3,4,,,42,6,
9783da43d4486f277736fb0262acce8f,How You Get the Girl,10,4:07,247,,,,,,,,
9783da43d4486f277736fb0262acce8f,This Love,11,4:10,250,,,,,,,,
9783da43d4486f277736fb0262acce8f,I Know Places,12,3:15,195,,,,,,,,
9783da43d4486f277736fb0262acce8f,Clean,13,4:30,270,,,,,,,,
ea8a801a713c3b0c5762859b071876cf,Fearless,1,4:01,241,2010-01-03,,69,,,111,9,1
ea8a801a713c3b0c5762859b071876cf,Fifteen,2,4:54,294,2009-08-30,48,19,,,,23,2
ea8a801a713c3b0c5762859b071876cf,Love Story,3,3:57,237,2008-09-12,1,4,,,2,4,8
ea8a801a713c3b0c5762859b071876cf,Hey Stephen,4,4:12,252,,,,,,,,
ea8a801a713c3b0c5762859b071876cf,White Horse,5,3:55,235,2008-12-07,41,43,,,60,13,2
ea8a801a713c3b0c5762859b071876cf,You Belong with Me,6,3:51,231,2009-04-19,5,3,,,30,2,7
ea8a801a713c3b0c5762859b071876cf,Breathe (featuring Colbie Caillat),7,4:23,263,,,,,,,,
ea8a801a713c3b0c5762859b071876cf,Tell Me Why,8,3:20,200,,,,,,,,
ea8a801a713c3b0c5762859b071876cf,You're Not Sorry,9,4:22,262,,,,,,,,
ea8a801a713c3b0c5762859b071876cf,The Way I Loved You,10,4:07,247,,,,,,,,
ea8a801a713c3b0c5762859b071876cf,Forever and Always,11,3:46,226,,,,,,,,
ea8a801a713c3b0c5762859b071876cf,The Best Day,12,4:07,247,,,,,,,,
ea8a801a713c3b0c5762859b071876cf,Change,13,4:39,279,,,,,,,,
8876000c0dbd4c330d1d177a2a7ad9e8,State of Grace,1,4:55,295,,,,,,,,
8876000c0dbd4c330d1d177a2a7ad9e8,Red,2,3:43,223,2013-06-21,30,5,,,26,6,1
8876000c0dbd4c330d1d177a2a7ad9e8,Treacherous,3,4:02,242,,,,,,,,
8876000c0dbd4c330d1d177a2a7ad9e8,I Knew You Were Trouble,4,3:39,219,2012-11-27,3,2,,,2,2,6
8876000c0dbd4c330d1d177a2a7ad9e8,All Too Well,5,5:29,329,,,,,,,,
8876000c0dbd4c330d1d177a2a7ad9e8,22,6,3:52,232,2013-03-12,21,20,,,9,20,3
8876000c0dbd4c330d1d177a2a7ad9e8,I Almost Do,7,4:04,244,,,,,,,,
8876000c0dbd4c330d1d177a2a7ad9e8,We Are Never Ever Getting Back Together,8,3:13,193,2012-08-13,3,1,,,4,1,6
8876000c0dbd4c330d1d177a2a7ad9e8,Stay Stay Stay,9,3:25,205,,,,,,,,
8876000c0dbd4c330d1d177a2a7ad9e8,The Last Time (featuring Gary Lightbody of Snow Patrol),10,4:59,299,2013-11-04,73,,,,25,,
8876000c0dbd4c330d1d177a2a7ad9e8,Holy Ground,11,3:22,202,,,,,,,,
8876000c0dbd4c330d1d177a2a7ad9e8,Sad Beautiful Tragic,12,4:44,284,,,,,,,,
8876000c0dbd4c330d1d177a2a7ad9e8,The Lucky One,13,4:00,240,,,,,,,,
8876000c0dbd4c330d1d177a2a7ad9e8,Everything Has Changed (featuring Ed Sheeran),14,4:05,245,2013-07-16,28,28,,,7,32,1
8876000c0dbd4c330d1d177a2a7ad9e8,Starlight,15,3:40,220,,,,,,,,
8876000c0dbd4c330d1d177a2a7ad9e8,Begin Again,16,3:57,237,2012-10-01,20,4,,,30,7,1
d607fd77ddb2496d47d29b2a5c18b426,Mine,1,3:50,230,2010-08-04,9,7,,,30,3,3
d607fd77ddb2496d47d29b2a5c18b426,Sparks Fly,2,4:20,260,2011-07-18,97,28,,,,17,1
d607fd77ddb2496d47d29b2a5c18b426,Back to December,3,4:53,293,2010-11-15,26,7,,,,6,2
d607fd77ddb2496d47d29b2a5c18b426,Speak Now,4,4:00,240,,,,,,,,
d607fd77ddb2496d47d29b2a5c18b426,Dear John,5,6:43,403,,,,,,,,
d607fd77ddb2496d47d29b2a5c18b426,Mean,6,3:57,237,2011-03-13,45,10,,,,11,3
d607fd77ddb2496d47d29b2a5c18b426,The Story of Us,7,4:25,265,2011-04-19,,70,,,,41,1
d607fd77ddb2496d47d29b2a5c18b426,Never Grow Up,8,4:50,290,,,,,,,,
d607fd77ddb2496d47d29b2a5c18b426,Enchanted,9,5:52,352,,,,,,,,
d607fd77ddb2496d47d29b2a5c18b426,Better Than Revenge,10,3:37,217,,,,,,,,
d607fd77ddb2496d47d29b2a5c18b426,Innocent,11,5:02,302,,,,,,,,
d607fd77ddb2496d47d29b2a5c18b426,Haunted,12,4:02,242,,,,,,,,
d607fd77ddb2496d47d29b2a5c18b426,Last Kiss,13,6:07,367,,,,,,,,
d607fd77ddb2496d47d29b2a5c18b426,Long Live,14,5:17,317,,,,,,,,
f1ee8a7b116a4eee677ffa773dd5f1ff,Tim McGraw,1,3:54,234,2006-06-19,,,,,,40,1
f1ee8a7b116a4eee677ffa773dd5f1ff,Picture to Burn,2,2:55,175,2008-02-03,,48,,,,28,2
f1ee8a7b116a4eee677ffa773dd5f1ff,Teardrops on My Guitar,3,3:35,215,2007-02-19,,45,,,51,13,3
f1ee8a7b116a4eee677ffa773dd5f1ff,A Place in This World,4,3:22,202,,,,,,,,
f1ee8a7b116a4eee677ffa773dd5f1ff,Cold as You,5,4:01,241,,,,,,,,
f1ee8a7b116a4eee677ffa773dd5f1ff,The Outside,6,3:29,209,,,,,,,,
f1ee8a7b116a4eee677ffa773dd5f1ff,Tied Together with a Smile,7,4:11,251,,,,,,,,
f1ee8a7b116a4eee677ffa773dd5f1ff,Stay Beautiful,8,3:58,238,,,,,,,,
f1ee8a7b116a4eee677ffa773dd5f1ff,Should've Said No,9,4:04,244,2008-05-18,,67,,,,33,1
f1ee8a7b116a4eee677ffa773dd5f1ff,Mary's Song (Oh My My My),10,3:35,215,,,,,,,,
f1ee8a7b116a4eee677ffa773dd5f1ff,Our Song,11,3:24,204,2007-09-09,,30,,,,16,4